title,url,time_published,authors,summary,banner_image,source,category_within_source,source_domain,topics,overall_sentiment_score,overall_sentiment_label,ticker_sentiment,download_timestamp
The Biggest Games Releasing in July 2025,https://decrypt.co/327301/biggest-games-releasing-july-2025,20250629T143102,['Eric Frederiksen'],"July's light on blockbusters, but Switch 2 shines with Donkey Kong Bananza, while Grounded 2 and Ninja Gaiden keep things interesting.",https://cdn.decrypt.co/resize/1024/height/512/wp-content/uploads/2025/06/Donkey-Kong-Bananza-is-arriving-this-month-gID_7.png,Decrypt.co,n/a,decrypt.co,[],0.222346,Somewhat-Bullish,"[{'ticker': 'NTDOF', 'relevance_score': '0.109206', 'ticker_sentiment_score': '0.218155', 'ticker_sentiment_label': 'Somewhat-Bullish'}]",2025-06-29 17:04:15.181832
"AAPL Investor Alert: A Securities Fraud Class Action Lawsuit Has Been Filed Against Apple Inc.  ( AAPL )  - Contact Kessler Topaz Meltzer & Check, LLP - Apple  ( NASDAQ:AAPL ) ",https://www.benzinga.com/pressreleases/25/06/g46159488/aapl-investor-alert-a-securities-fraud-class-action-lawsuit-has-been-filed-against-apple-inc-aapl-,20250629T142000,['Globe Newswire'],"RADNOR, Pa., June 29, 2025 ( GLOBE NEWSWIRE ) -- The law firm of Kessler Topaz Meltzer & Check, LLP ( www.ktmc.com ) informs investors that a securities class action lawsuit has been filed in the United States District Court for the Northern District of California against Apple Inc. ( ""Apple"" ) ...",https://www.benzinga.com/next-assets/images/schema-image-default.png,Benzinga,News,www.benzinga.com,"[{'topic': 'Technology', 'relevance_score': '1.0'}, {'topic': 'Financial Markets', 'relevance_score': '0.108179'}]",0.053748,Neutral,"[{'ticker': 'AAPL', 'relevance_score': '0.496201', 'ticker_sentiment_score': '0.096866', 'ticker_sentiment_label': 'Neutral'}]",2025-06-29 17:04:15.181832
AIXA Miner Launches Scalable AI-Powered Contracts Amid Crypto Market Pullback,https://www.benzinga.com/pressreleases/25/06/g46159487/aixa-miner-launches-scalable-ai-powered-contracts-amid-crypto-market-pullback,20250629T142000,['Globe Newswire'],"DENVER, CO, June 29, 2025 ( GLOBE NEWSWIRE ) -- New eco-friendly plans offer adaptive cloud mining with daily income, zero hardware, and enhanced security June 2025 - As the global cryptocurrency market experiences a modest pullback this June, AIXA Miner is making a timely announcement: the ...",https://www.benzinga.com/next-assets/images/schema-image-default.png,Benzinga,Markets,www.benzinga.com,"[{'topic': 'Earnings', 'relevance_score': '0.158519'}, {'topic': 'Blockchain', 'relevance_score': '0.682689'}, {'topic': 'Financial Markets', 'relevance_score': '0.214378'}]",0.359901,Bullish,"[{'ticker': 'PLSQF', 'relevance_score': '0.068306', 'ticker_sentiment_score': '0.259488', 'ticker_sentiment_label': 'Somewhat-Bullish'}, {'ticker': 'CRYPTO:BTC', 'relevance_score': '0.202932', 'ticker_sentiment_score': '0.371474', 'ticker_sentiment_label': 'Bullish'}, {'ticker': 'CRYPTO:ETH', 'relevance_score': '0.068306', 'ticker_sentiment_score': '0.208007', 'ticker_sentiment_label': 'Somewhat-Bullish'}, {'ticker': 'CRYPTO:DOGE', 'relevance_score': '0.068306', 'ticker_sentiment_score': '0.208007', 'ticker_sentiment_label': 'Somewhat-Bullish'}, {'ticker': 'CRYPTO:LTC', 'relevance_score': '0.068306', 'ticker_sentiment_score': '0.208007', 'ticker_sentiment_label': 'Somewhat-Bullish'}]",2025-06-29 17:04:15.181832
Stablecoins are becoming 'default settlement layer' for internet: Alchemy,https://cointelegraph.com/news/stablecoins-default-settlement-layer-internet-alchemy,20250629T140729,['Amin Haqshanas'],"Stablecoins are now the ""default settlement layer for the internet,"" surpassing Visa and Mastercard in onchain transaction volume.",https://s3.cointelegraph.com/uploads/2025-06/0197bbec-405a-759a-906e-986d27f6966b,Cointelegraph,n/a,cointelegraph.com,"[{'topic': 'Blockchain', 'relevance_score': '0.999326'}]",0.232751,Somewhat-Bullish,"[{'ticker': 'MA', 'relevance_score': '0.063425', 'ticker_sentiment_score': '0.243456', 'ticker_sentiment_label': 'Somewhat-Bullish'}, {'ticker': 'PYPL', 'relevance_score': '0.12645', 'ticker_sentiment_score': '0.147414', 'ticker_sentiment_label': 'Neutral'}, {'ticker': 'CRYPTO:XCP', 'relevance_score': '0.063425', 'ticker_sentiment_score': '0.058296', 'ticker_sentiment_label': 'Neutral'}, {'ticker': 'CRYPTO:USDT', 'relevance_score': '0.063425', 'ticker_sentiment_score': '0.063156', 'ticker_sentiment_label': 'Neutral'}]",2025-06-29 17:04:15.181832
"Trump's Tariffs, Boeing's Blowout, Tesla's Robotaxi, BYD's European Triumph And GM's Massive Recall: This Week In Mobility - BYD  ( OTC:BYDDF ) , Boeing  ( NYSE:BA ) ",https://www.benzinga.com/markets/tech/25/06/46159445/trumps-tariffs-boeings-blowout-teslas-robotaxi-byds-european-triumph-and-gms-massive-recall-this-wee,20250629T140030,['Ananya Gairola'],"The past week has been a rollercoaster ride in the world of business and finance. From trade negotiations to aviation incidents, autonomous vehicle launches to electric vehicle sales, and massive vehicle recalls, the news cycle has been anything but dull.",https://cdn.benzinga.com/files/images/story/2025/06/29/Tesla.jpeg?width=1200&height=800&fit=crop,Benzinga,News,www.benzinga.com,"[{'topic': 'Energy & Transportation', 'relevance_score': '0.5'}, {'topic': 'Financial Markets', 'relevance_score': '0.108179'}, {'topic': 'Manufacturing', 'relevance_score': '0.5'}]",0.050414,Neutral,"[{'ticker': 'ALK', 'relevance_score': '0.113062', 'ticker_sentiment_score': '-0.035055', 'ticker_sentiment_label': 'Neutral'}, {'ticker': 'TSLA', 'relevance_score': '0.522854', 'ticker_sentiment_score': '0.171979', 'ticker_sentiment_label': 'Somewhat-Bullish'}, {'ticker': 'BYDDF', 'relevance_score': '0.223866', 'ticker_sentiment_score': '0.052163', 'ticker_sentiment_label': 'Neutral'}, {'ticker': 'GM', 'relevance_score': '0.223866', 'ticker_sentiment_score': '-0.207085', 'ticker_sentiment_label': 'Somewhat-Bearish'}, {'ticker': 'BA', 'relevance_score': '0.223866', 'ticker_sentiment_score': '-0.054173', 'ticker_sentiment_label': 'Neutral'}]",2025-06-29 17:04:15.181832
41.6% of Billionaire Bill Ackman's Hedge Fund Is Invested in These 3 Unstoppable Companies,https://www.fool.com/investing/2025/06/29/41-percent-of-bill-ackmans-hedge-fund-is-invested/,20250629T140000,['Prosper Junior Bakiny'],"Getting investing ideas and inspiration from the most successful money managers on Wall Street isn't a bad approach, but you should still do your due diligence before pressing the buy button. Let's apply that strategy by looking at Pershing Square Capital Management, a hedge fund led by the ...",https://g.foolcdn.com/image/?url=https%3A%2F%2Fg.foolcdn.com%2Feditorial%2Fimages%2F822900%2Fperson-sitting-at-a-desk-looking-at-two-monitors.jpg&op=resize&w=700,Motley Fool,n/a,www.fool.com,"[{'topic': 'Retail & Wholesale', 'relevance_score': '0.5'}, {'topic': 'Financial Markets', 'relevance_score': '0.796627'}, {'topic': 'Earnings', 'relevance_score': '0.614606'}, {'topic': 'Technology', 'relevance_score': '0.5'}]",0.306014,Somewhat-Bullish,"[{'ticker': 'GOOG', 'relevance_score': '0.100518', 'ticker_sentiment_score': '0.188342', 'ticker_sentiment_label': 'Somewhat-Bullish'}, {'ticker': 'CMG', 'relevance_score': '0.341587', 'ticker_sentiment_score': '0.416803', 'ticker_sentiment_label': 'Bullish'}, {'ticker': 'UBER', 'relevance_score': '0.295273', 'ticker_sentiment_score': '0.283848', 'ticker_sentiment_label': 'Somewhat-Bullish'}, {'ticker': 'PSHZF', 'relevance_score': '0.150278', 'ticker_sentiment_score': '0.119993', 'ticker_sentiment_label': 'Neutral'}]",2025-06-29 17:04:15.181832
"This Top Warren Buffett Holding Could Outperform the S&P 500 in the Second Half of 2025, According to Certain Wall Street Analysts",https://www.fool.com/investing/2025/06/29/this-top-warren-buffett-holding-could-outperform-t/,20250629T140000,['Adam Levy'],"Warren Buffett is widely regarded as one of the greatest investors of all time. He has a public track record of over 70 years to back that up, generating massive market-trouncing returns over that time.His company, Berkshire Hathaway ( NYSE: BRK.A ) ( NYSE: BRK.B ) has continued to outperform the ...",https://g.foolcdn.com/image/?url=https%3A%2F%2Fg.foolcdn.com%2Feditorial%2Fimages%2F823032%2Fbuffett11-tmf.jpg&op=resize&w=700,Motley Fool,n/a,www.fool.com,"[{'topic': 'Economy - Monetary', 'relevance_score': '0.310843'}, {'topic': 'Financial Markets', 'relevance_score': '1.0'}, {'topic': 'Earnings', 'relevance_score': '0.576289'}, {'topic': 'Technology', 'relevance_score': '0.5'}, {'topic': 'Finance', 'relevance_score': '0.5'}, {'topic': 'Blockchain', 'relevance_score': '0.158519'}]",0.230683,Somewhat-Bullish,"[{'ticker': 'AAPL', 'relevance_score': '0.126119', 'ticker_sentiment_score': '0.140523', 'ticker_sentiment_label': 'Neutral'}, {'ticker': 'C', 'relevance_score': '0.167612', 'ticker_sentiment_score': '0.095', 'ticker_sentiment_label': 'Neutral'}, {'ticker': 'BAC', 'relevance_score': '0.126119', 'ticker_sentiment_score': '0.140523', 'ticker_sentiment_label': 'Neutral'}, {'ticker': 'MS', 'relevance_score': '0.042196', 'ticker_sentiment_score': '0.161016', 'ticker_sentiment_label': 'Somewhat-Bullish'}, {'ticker': 'BRK-A', 'relevance_score': '0.084275', 'ticker_sentiment_score': '0.135391', 'ticker_sentiment_label': 'Neutral'}]",2025-06-29 17:04:15.181832
What's the Unfortunate Truth About Maxing Out Your 401 ( k ) ?,https://www.fool.com/retirement/2025/06/29/whats-the-unfortunate-truth-about-maxing-out-your/,20250629T140000,['Katie Brockman'],"Contributing to a 401 ( k ) is one of the best ways to save for retirement, and this type of account has several distinct advantages.For one, it has a much higher contribution limit than many other retirement accounts.",https://g.foolcdn.com/image/?url=https%3A%2F%2Fg.foolcdn.com%2Feditorial%2Fimages%2F822677%2Folder-woman-sitting-on-a-couch-looking-at-a-calculator.jpg&op=resize&w=700,Motley Fool,n/a,www.fool.com,"[{'topic': 'Earnings', 'relevance_score': '0.158519'}, {'topic': 'Financial Markets', 'relevance_score': '0.992549'}]",0.14652,Neutral,[],2025-06-29 17:04:15.181832
"ROSEN, A TRUSTED AND LEADING LAW FIRM, Encourages Fortrea Holdings, Inc. Investors to Secure Counsel Before Important Deadline in Securities Class Action - FTRE - Fortrea Holdings  ( NASDAQ:FTRE ) ",https://www.benzinga.com/pressreleases/25/06/g46159441/rosen-a-trusted-and-leading-law-firm-encourages-fortrea-holdings-inc-investors-to-secure-counsel-b,20250629T135400,['Globe Newswire'],"NEW YORK, June 29, 2025 ( GLOBE NEWSWIRE ) -- WHY: Rosen Law Firm, a global investor rights law firm, reminds purchasers of securities of Fortrea Holdings, Inc. FTRE between July 3, 2023 and February 28, 2025, both dates inclusive ( the ""Class Period"" ) , of the important August 1, 2025 lead ...",https://www.benzinga.com/next-assets/images/schema-image-default.png,Benzinga,News,www.benzinga.com,"[{'topic': 'Life Sciences', 'relevance_score': '0.5'}, {'topic': 'Financial Markets', 'relevance_score': '0.650727'}, {'topic': 'Earnings', 'relevance_score': '0.360215'}, {'topic': 'Technology', 'relevance_score': '0.5'}]",0.14793,Neutral,"[{'ticker': 'FTRE', 'relevance_score': '0.395903', 'ticker_sentiment_score': '0.022384', 'ticker_sentiment_label': 'Neutral'}, {'ticker': 'META', 'relevance_score': '0.059049', 'ticker_sentiment_score': '0.0', 'ticker_sentiment_label': 'Neutral'}]",2025-06-29 17:04:15.181832
Big News for Roku Investors  ( and It's Exactly Why I Decided Against Selling ) ,https://www.fool.com/investing/2025/06/29/big-news-for-roku-investors-and-its-exactly-why/,20250629T134500,['Jon Quast'],"There are multiple reasons to believe that stocks are overvalued right now, generally speaking, motivating me to move on from some old duds in my portfolio.For starters, consider the market for initial public offerings ( IPOs ) . Companies usually wait to go public until market conditions heat up.",https://media.ycharts.com/charts/fcf9c0a8de963620feb99580243c4c99.png,Motley Fool,n/a,www.fool.com,"[{'topic': 'IPO', 'relevance_score': '0.576289'}, {'topic': 'Retail & Wholesale', 'relevance_score': '0.5'}, {'topic': 'Financial Markets', 'relevance_score': '0.918141'}, {'topic': 'Earnings', 'relevance_score': '0.360215'}, {'topic': 'Technology', 'relevance_score': '0.5'}]",0.118677,Neutral,"[{'ticker': 'ROKU', 'relevance_score': '0.76888', 'ticker_sentiment_score': '0.256826', 'ticker_sentiment_label': 'Somewhat-Bullish'}, {'ticker': 'AMZN', 'relevance_score': '0.42944', 'ticker_sentiment_score': '0.21968', 'ticker_sentiment_label': 'Somewhat-Bullish'}, {'ticker': 'WMT', 'relevance_score': '0.149966', 'ticker_sentiment_score': '0.090156', 'ticker_sentiment_label': 'Neutral'}]",2025-06-29 17:04:15.181832
"Ken Griffin Says If You Think You're Done With Textbooks After College, You Need 'A New Career'",https://www.benzinga.com/markets/tech/25/06/46159378/ken-griffin-says-if-you-think-youre-done-with-textbooks-after-college-you-need-a-new-career,20250629T133112,['Shomik Sen Bhattacharjee'],Citadel LLC founder Ken Griffin says the quickest way to know whether you're in the right job is to ask if you still crack open the textbooks.,https://cdn.benzinga.com/files/images/story/2025/06/29/Old-Books-On-A-Wooden-Shelf-.jpeg?width=1200&height=800&fit=crop,Benzinga,General,www.benzinga.com,"[{'topic': 'Technology', 'relevance_score': '1.0'}]",0.27394,Somewhat-Bullish,"[{'ticker': 'GOOG', 'relevance_score': '0.105604', 'ticker_sentiment_score': '0.0', 'ticker_sentiment_label': 'Neutral'}]",2025-06-29 17:04:15.181832
"DGRO Is a Popular Dividend ETF for Passive Income, but Is It the Best?",https://www.fool.com/investing/2025/06/29/dgro-is-a-popular-dividend-etf-for-passive-income/,20250629T132200,['Selena Maranjian'],"Many, if not most, of us would do well to include a bunch of dividend payers in our portfolio. Naturally, if we're retired, we can use that regular income to pay for living expenses. But even if we're much younger and still working, dividends can be extremely useful.",https://g.foolcdn.com/image/?url=https%3A%2F%2Fg.foolcdn.com%2Feditorial%2Fimages%2F822053%2Fgetty-big-smile-jar-of-coins-and-cash-millennial.jpg&op=resize&w=700,Motley Fool,n/a,www.fool.com,"[{'topic': 'Financial Markets', 'relevance_score': '1.0'}]",0.432323,Bullish,[],2025-06-29 17:04:15.181832
US Credit Card Debt Hits $1.18 Trillion As Americans Downplay What They Owe,https://www.benzinga.com/personal-finance/financial-advisors/25/06/46159347/us-credit-card-debt-hits-1-18-trillion-as-americans-downplay-what-they-owe,20250629T131626,['Bibhu Pattnaik'],"Since 2021, credit card balances have seen a significant increase from a low of $770 billion. The situation has deteriorated with almost half of Americans feeling embarrassed about their debt levels Get ahead of Wall Street reactions-Benzinga Pro delivers signals, squawk, and news fast.",https://cdn.benzinga.com/files/images/story/2025/06/29/Woman-Holding-Several-Credit-Cards-And-H.jpeg?width=1200&height=800&fit=crop,Benzinga,News,www.benzinga.com,"[{'topic': 'Finance', 'relevance_score': '1.0'}]",0.055067,Neutral,"[{'ticker': 'TREE', 'relevance_score': '0.231332', 'ticker_sentiment_score': '0.076371', 'ticker_sentiment_label': 'Neutral'}]",2025-06-29 17:04:15.181832
"CIVI FINAL DEADLINE: ROSEN, A LEADING LAW FIRM, Encourages Civitas Resources, Inc. Investors with Losses in Excess of $100K to Secure Counsel Before Important July 1 Deadline in Securities Class Action - CIVI - Civitas Resources  ( NYSE:CIVI ) ",https://www.benzinga.com/pressreleases/25/06/g46159344/civi-final-deadline-rosen-a-leading-law-firm-encourages-civitas-resources-inc-investors-with-losse,20250629T131500,['Globe Newswire'],"NEW YORK, June 29, 2025 ( GLOBE NEWSWIRE ) -- WHY: Rosen Law Firm, a global investor rights law firm, reminds purchasers of securities of Civitas Resources, Inc. CIVI between February 27, 2024 and February 24, 2025, both dates inclusive ( the ""Class Period"" ) , of the important July 1, 2025 ...",https://www.benzinga.com/next-assets/images/schema-image-default.png,Benzinga,News,www.benzinga.com,"[{'topic': 'Technology', 'relevance_score': '1.0'}, {'topic': 'Financial Markets', 'relevance_score': '0.650727'}]",0.120001,Neutral,"[{'ticker': 'META', 'relevance_score': '0.062597', 'ticker_sentiment_score': '0.0', 'ticker_sentiment_label': 'Neutral'}]",2025-06-29 17:04:15.181832
Ripple vs SEC: Why the XRP Legal Battle Still Isn't Officially Over,https://decrypt.co/327521/ripple-vs-sec-why-xrp-legal-battle-still-not-over,20250629T130634,['Logan Hitchcock'],It hasn't been an easy road to resolution for Ripple and the SEC in the long-running legal fight over XRP sales. Here's why.,https://cdn.decrypt.co/resize/1024/height/512/wp-content/uploads/2025/05/xrp_us-securities-gID_7.png,Decrypt.co,n/a,decrypt.co,"[{'topic': 'Financial Markets', 'relevance_score': '0.310843'}]",0.060999,Neutral,[],2025-06-29 17:04:15.181832
"BITF DEADLINE NOTICE: ROSEN, A LEADING NATIONAL FIRM, Encourages Bitfarms Ltd. Investors with Losses in Excess of $100K to Secure Counsel Before Important July 8 Deadline in Securities Class Action - BITF - Bitfarms  ( NASDAQ:BITF ) ",https://www.benzinga.com/pressreleases/25/06/g46159317/bitf-deadline-notice-rosen-a-leading-national-firm-encourages-bitfarms-ltd-investors-with-losses-i,20250629T130200,['Globe Newswire'],"NEW YORK, June 29, 2025 ( GLOBE NEWSWIRE ) -- WHY: Rosen Law Firm, a global investor rights law firm, reminds purchasers of securities of Bitfarms Ltd. BITF between March 21, 2023 and December 9, 2024, both dates inclusive ( the ""Class Period"" ) , of the important July 8, 2025 lead plaintiff ...",https://www.benzinga.com/next-assets/images/schema-image-default.png,Benzinga,News,www.benzinga.com,"[{'topic': 'Technology', 'relevance_score': '1.0'}, {'topic': 'Financial Markets', 'relevance_score': '0.744043'}]",0.10085,Neutral,"[{'ticker': 'META', 'relevance_score': '0.055881', 'ticker_sentiment_score': '0.0', 'ticker_sentiment_label': 'Neutral'}, {'ticker': 'BITF', 'relevance_score': '0.55931', 'ticker_sentiment_score': '-0.093041', 'ticker_sentiment_label': 'Neutral'}]",2025-06-29 17:04:15.181832
"UK-certified ALL4 Mining launches the best free cloud mining for BTC, DOGE, XRP and other popular currency enthusiasts",https://www.benzinga.com/pressreleases/25/06/g46159303/uk-certified-all4-mining-launches-the-best-free-cloud-mining-for-btc-doge-xrp-and-other-popular-cu,20250629T130000,['Globe Newswire'],"London, UK, June 29, 2025 ( GLOBE NEWSWIRE ) -- Traditionally, cryptocurrency mining requires significant capital investment, complex technical setup, and high energy consumption.",https://www.benzinga.com/next-assets/images/schema-image-default.png,Benzinga,Markets,www.benzinga.com,"[{'topic': 'Earnings', 'relevance_score': '0.451494'}, {'topic': 'Blockchain', 'relevance_score': '0.890401'}, {'topic': 'Financial Markets', 'relevance_score': '0.658903'}]",0.411789,Bullish,"[{'ticker': 'WYCC', 'relevance_score': '0.034984', 'ticker_sentiment_score': '0.189315', 'ticker_sentiment_label': 'Somewhat-Bullish'}, {'ticker': 'PLSQF', 'relevance_score': '0.034984', 'ticker_sentiment_score': '0.251001', 'ticker_sentiment_label': 'Somewhat-Bullish'}, {'ticker': 'CRYPTO:BTC', 'relevance_score': '0.339046', 'ticker_sentiment_score': '0.456842', 'ticker_sentiment_label': 'Bullish'}, {'ticker': 'CRYPTO:DOGE', 'relevance_score': '0.207571', 'ticker_sentiment_score': '0.32332', 'ticker_sentiment_label': 'Somewhat-Bullish'}, {'ticker': 'CRYPTO:LTC', 'relevance_score': '0.0699', 'ticker_sentiment_score': '0.208112', 'ticker_sentiment_label': 'Somewhat-Bullish'}, {'ticker': 'CRYPTO:XRP', 'relevance_score': '0.0699', 'ticker_sentiment_score': '0.193089', 'ticker_sentiment_label': 'Somewhat-Bullish'}]",2025-06-29 17:04:15.181832
3 Reasons to Buy Cameco Stock Like There's No Tomorrow,https://www.fool.com/investing/2025/06/29/3-reasons-to-buy-cameco-like-theres-no-tomorrow/,20250629T130000,['Reuben Gregg Brewer'],"Cameco ( NYSE: CCJ ) has gone through some very trying times in the past, largely due to its reliance on the price of a commodity when it comes to revenue and earnings. But the uranium that Cameco mines could be in for a big step change in price.",https://g.foolcdn.com/image/?url=https%3A%2F%2Fg.foolcdn.com%2Feditorial%2Fimages%2F823011%2F24_10_09-a-hand-holding-a-nuclear-power-symbol-_mf-dload-gettyimages-1369513916-910x800-446eb5d.jpg&op=resize&w=700,Motley Fool,n/a,www.fool.com,"[{'topic': 'Earnings', 'relevance_score': '0.360215'}, {'topic': 'Energy & Transportation', 'relevance_score': '1.0'}, {'topic': 'Financial Markets', 'relevance_score': '0.266143'}]",0.125478,Neutral,"[{'ticker': 'CCJ', 'relevance_score': '0.538939', 'ticker_sentiment_score': '0.047057', 'ticker_sentiment_label': 'Neutral'}]",2025-06-29 17:04:15.181832
"BAY Miner Expands Cloud Mining Services for BTC, SOL, XRP, and DOGE",https://www.benzinga.com/pressreleases/25/06/g46159302/bay-miner-expands-cloud-mining-services-for-btc-sol-xrp-and-doge,20250629T130000,['Globe Newswire'],"Boston, MA, June 29, 2025 ( GLOBE NEWSWIRE ) -- As Bitcoin ( BTC ) stabilizes near $108,000 and Ethereum ( ETH ) , Solana ( SOL ) , Ripple ( XRP ) , and Dogecoin ( DOGE ) gain new momentum amid global market turmoil, investors are looking for safe, low-barrier ways to participate in ...",https://www.benzinga.com/next-assets/images/schema-image-default.png,Benzinga,News,www.benzinga.com,"[{'topic': 'Blockchain', 'relevance_score': '0.451494'}, {'topic': 'Financial Markets', 'relevance_score': '0.360215'}]",0.342202,Somewhat-Bullish,"[{'ticker': 'NNAX', 'relevance_score': '0.072217', 'ticker_sentiment_score': '0.06394', 'ticker_sentiment_label': 'Neutral'}, {'ticker': 'CRYPTO:BTC', 'relevance_score': '0.531594', 'ticker_sentiment_score': '0.354071', 'ticker_sentiment_label': 'Bullish'}, {'ticker': 'CRYPTO:ETH', 'relevance_score': '0.474207', 'ticker_sentiment_score': '0.285082', 'ticker_sentiment_label': 'Somewhat-Bullish'}, {'ticker': 'CRYPTO:DOGE', 'relevance_score': '0.531594', 'ticker_sentiment_score': '0.378693', 'ticker_sentiment_label': 'Bullish'}]",2025-06-29 17:04:15.181832
"Bitcoin price will make history with $109K weekly, monthly close",https://cointelegraph.com/news/bitcoin-price-will-make-history-with-109k-weekly-monthly-close,20250629T125634,['William Suberg'],"Bitcoin weekend volatility gets a late boost thanks to a familiar source with the key $109,000 BTC price closing level within easy reach.",https://s3.cointelegraph.com/uploads/2025-06/0197bbab-1269-74cc-9bf0-73fb8b01a22c,Cointelegraph,n/a,cointelegraph.com,"[{'topic': 'Financial Markets', 'relevance_score': '0.360215'}]",0.144823,Neutral,"[{'ticker': 'CRYPTO:BTC', 'relevance_score': '0.873432', 'ticker_sentiment_score': '0.205273', 'ticker_sentiment_label': 'Somewhat-Bullish'}]",2025-06-29 17:04:15.181832
2 Top Buffett Stocks to Buy and Hold for the Long Haul,https://www.fool.com/investing/2025/06/29/top-buffett-stocks-buy-and-hold-long-haul/,20250629T125500,['Collin Brantmeyer'],Here are two Warren Buffett-backed stocks that are down in 2025.,https://g.foolcdn.com/image/?url=https%3A%2F%2Fg.foolcdn.com%2Feditorial%2Fimages%2F819838%2Fbuffett12-tmf.jpg&op=resize&w=700,Motley Fool,n/a,www.fool.com,"[{'topic': 'Retail & Wholesale', 'relevance_score': '0.333333'}, {'topic': 'Financial Markets', 'relevance_score': '0.658903'}, {'topic': 'Earnings', 'relevance_score': '0.999986'}, {'topic': 'Technology', 'relevance_score': '0.333333'}, {'topic': 'Finance', 'relevance_score': '0.333333'}]",0.259249,Somewhat-Bullish,"[{'ticker': 'AAPL', 'relevance_score': '0.472004', 'ticker_sentiment_score': '0.430559', 'ticker_sentiment_label': 'Bullish'}, {'ticker': 'AMZN', 'relevance_score': '0.406645', 'ticker_sentiment_score': '0.275693', 'ticker_sentiment_label': 'Somewhat-Bullish'}, {'ticker': 'BRK-A', 'relevance_score': '0.115787', 'ticker_sentiment_score': '0.04962', 'ticker_sentiment_label': 'Neutral'}]",2025-06-29 17:04:15.181832
"IOVA IMPORTANT DEADLINE: ROSEN, A LEADING INVESTOR RIGHTS LAW FIRM, Encourages Iovance Biotherapeutics, Inc. Investors with Losses in Excess of $100K to Secure Counsel Before Important Deadline in Securities Class Action - IOVA - Iovance Biotherapeutics  ( NASDAQ:IOVA ) ",https://www.benzinga.com/pressreleases/25/06/g46159281/iova-important-deadline-rosen-a-leading-investor-rights-law-firm-encourages-iovance-biotherapeutic,20250629T125200,['Globe Newswire'],"NEW YORK, June 29, 2025 ( GLOBE NEWSWIRE ) -- WHY: Rosen Law Firm, a global investor rights law firm, reminds purchasers of securities of Iovance Biotherapeutics, Inc. IOVA between May 9, 2024 and May 8, 2025, both dates inclusive ( the ""Class Period"" ) , of the important July 14, 2025 lead ...",https://www.benzinga.com/next-assets/images/schema-image-default.png,Benzinga,News,www.benzinga.com,"[{'topic': 'Life Sciences', 'relevance_score': '0.5'}, {'topic': 'Technology', 'relevance_score': '0.5'}, {'topic': 'Financial Markets', 'relevance_score': '0.650727'}]",0.196734,Somewhat-Bullish,"[{'ticker': 'META', 'relevance_score': '0.059049', 'ticker_sentiment_score': '0.0', 'ticker_sentiment_label': 'Neutral'}, {'ticker': 'IOVA', 'relevance_score': '0.117774', 'ticker_sentiment_score': '0.146331', 'ticker_sentiment_label': 'Neutral'}]",2025-06-29 17:04:15.181832
Should You Buy SoFi While It's Below $20?,https://www.fool.com/investing/2025/06/29/should-you-buy-sofi-while-its-below-20/,20250629T124500,['Neil Patel'],"SoFi Technologies ( NASDAQ: SOFI ) hasn't been an easy stock to own, with the price bouncing up and down. Case in point: Its 52-week high is 206% above its 52-week low. However, shares have soared 154% in the past 12 months ( as of June 26 ) .",https://g.foolcdn.com/image/?url=https%3A%2F%2Fg.foolcdn.com%2Feditorial%2Fimages%2F823017%2Fmobile-stock-trading.jpg&op=resize&w=700,Motley Fool,n/a,www.fool.com,"[{'topic': 'Financial Markets', 'relevance_score': '0.266143'}, {'topic': 'Earnings', 'relevance_score': '0.905476'}, {'topic': 'Real Estate & Construction', 'relevance_score': '1.0'}, {'topic': 'Blockchain', 'relevance_score': '0.769861'}]",0.29325,Somewhat-Bullish,"[{'ticker': 'SOFI', 'relevance_score': '0.13459', 'ticker_sentiment_score': '-0.016086', 'ticker_sentiment_label': 'Neutral'}]",2025-06-29 17:04:15.181832
Bill Gates Warns US 'It's Not Too Late To Change Course' As Trump Team Targets HIV Funding Cuts - Microsoft  ( NASDAQ:MSFT ) ,https://www.benzinga.com/news/health-care/25/06/46159226/bill-gates-warns-us-its-not-too-late-to-change-course-as-trump-team-targets-hiv-funding-cuts,20250629T123053,['Namrata Sen'],Billionaire philanthropist and co-founder of Microsoft Inc. MSFT Bill Gates has responded to a video posted by Senator Susan Collins ( R-ME ) regarding the President's Emergency Plan for AIDS Relief ( PEPFAR ) .,https://cdn.benzinga.com/files/images/story/2025/06/29/Paris--France---June-25--2015-bill-Gates.jpeg?width=1200&height=800&fit=crop,Benzinga,News,www.benzinga.com,"[{'topic': 'Technology', 'relevance_score': '1.0'}, {'topic': 'Financial Markets', 'relevance_score': '0.108179'}]",0.0,Neutral,"[{'ticker': 'MSFT', 'relevance_score': '0.223866', 'ticker_sentiment_score': '0.022943', 'ticker_sentiment_label': 'Neutral'}]",2025-06-29 17:04:15.181832
Is Tesla Stock a Millionaire Maker?,https://www.fool.com/investing/2025/06/29/is-tesla-stock-a-millionaire-maker/,20250629T123000,['Neil Patel'],"Looking back at its history as a public company, Tesla ( NASDAQ: TSLA ) has generated serious wealth for investors. The auto industry disruptor has seen its shares skyrocket 20,290% since its initial public offering in June 2010 ( as of June 25 ) .",https://g.foolcdn.com/image/?url=https%3A%2F%2Fg.foolcdn.com%2Feditorial%2Fimages%2F822892%2Ftwo-teslas-parked-near-each-other.jpg&op=resize&w=700,Motley Fool,n/a,www.fool.com,"[{'topic': 'IPO', 'relevance_score': '0.158519'}, {'topic': 'Financial Markets', 'relevance_score': '0.214378'}, {'topic': 'Manufacturing', 'relevance_score': '1.0'}, {'topic': 'Earnings', 'relevance_score': '0.650727'}]",0.145142,Neutral,"[{'ticker': 'OPTGF', 'relevance_score': '0.066598', 'ticker_sentiment_score': '0.043057', 'ticker_sentiment_label': 'Neutral'}, {'ticker': 'TSLA', 'relevance_score': '0.548003', 'ticker_sentiment_score': '0.244013', 'ticker_sentiment_label': 'Somewhat-Bullish'}]",2025-06-29 17:04:15.181832
"WST FINAL DEADLINE: ROSEN, GLOBAL INVESTOR COUNSEL, Encourages West Pharmaceutical Services, Inc. Investors with Losses in Excess of $100K to Secure Counsel Before Important July 7 Deadline in Securities Class Action - WST - West Pharmaceutical Servs  ( NYSE:WST ) ",https://www.benzinga.com/pressreleases/25/06/g46159222/wst-final-deadline-rosen-global-investor-counsel-encourages-west-pharmaceutical-services-inc-inves,20250629T122700,['Globe Newswire'],"NEW YORK, June 29, 2025 ( GLOBE NEWSWIRE ) -- WHY: Rosen Law Firm, a global investor rights law firm, reminds purchasers of common stock of West Pharmaceutical Services, Inc. WST between February 16, 2023 and February 12, 2025, both dates inclusive ( the ""Class Period"" ) , of the important ...",https://www.benzinga.com/next-assets/images/schema-image-default.png,Benzinga,News,www.benzinga.com,"[{'topic': 'Technology', 'relevance_score': '0.5'}, {'topic': 'Financial Markets', 'relevance_score': '0.938793'}, {'topic': 'Manufacturing', 'relevance_score': '0.5'}]",0.150525,Somewhat-Bullish,"[{'ticker': 'META', 'relevance_score': '0.055751', 'ticker_sentiment_score': '0.0', 'ticker_sentiment_label': 'Neutral'}, {'ticker': 'WST', 'relevance_score': '0.11123', 'ticker_sentiment_score': '0.091155', 'ticker_sentiment_label': 'Neutral'}]",2025-06-29 17:04:15.181832
Prediction: This Artificial Intelligence  ( AI )  Stock Could Be the Next Nvidia -- and It's Not What You Think,https://www.fool.com/investing/2025/06/29/prediction-artificial-intelligence-ai-stock-nvidia/,20250629T122000,['Adam Spatacco'],"Nvidia may be center stage in the artificial intelligence (AI) revolution right now, but another ""Magnificent Seven"" stock could be the next breakout star.",https://g.foolcdn.com/image/?url=https%3A%2F%2Fg.foolcdn.com%2Feditorial%2Fimages%2F823043%2Fgettyimages-1302801668-5.jpg&op=resize&w=700,Motley Fool,n/a,www.fool.com,"[{'topic': 'Financial Markets', 'relevance_score': '0.929393'}, {'topic': 'Manufacturing', 'relevance_score': '0.5'}, {'topic': 'Earnings', 'relevance_score': '0.891286'}, {'topic': 'Technology', 'relevance_score': '0.5'}]",0.24337,Somewhat-Bullish,"[{'ticker': 'AMD', 'relevance_score': '0.051774', 'ticker_sentiment_score': '0.128491', 'ticker_sentiment_label': 'Neutral'}, {'ticker': 'META', 'relevance_score': '0.154455', 'ticker_sentiment_score': '0.135566', 'ticker_sentiment_label': 'Neutral'}, {'ticker': 'NVDA', 'relevance_score': '0.254573', 'ticker_sentiment_score': '0.288681', 'ticker_sentiment_label': 'Somewhat-Bullish'}, {'ticker': 'AVGO', 'relevance_score': '0.051774', 'ticker_sentiment_score': '0.128491', 'ticker_sentiment_label': 'Neutral'}, {'ticker': 'TSM', 'relevance_score': '0.051774', 'ticker_sentiment_score': '0.128491', 'ticker_sentiment_label': 'Neutral'}]",2025-06-29 17:04:15.181832
"RDDT CLASS DEADLINE: Reddit, Inc. Shareholders that Suffered Losses are Reminded to Contact BFA Law by Upcoming August 18 Court Deadline",https://markets.businessinsider.com/news/stocks/rddt-class-deadline-reddit-inc.-shareholders-that-suffered-losses-are-reminded-to-contact-bfa-law-by-upcoming-august-18-court-deadline-1034858821,20250629T121800,['NEWSFILE'],"New York, New York-- ( Newsfile Corp. - June 29, 2025 ) - Leading securities law firm Bleichmar Fonti & Auld LLP announces that a lawsuit has been filed against Reddit, Inc. ( NYSE: RDDT ) and certain of the Company's senior executives for potential violations of the federal securities laws.",https://api.newsfilecorp.com/newsinfo/257159/208,Business Insider,RSS,markets.businessinsider.com,"[{'topic': 'Technology', 'relevance_score': '0.5'}, {'topic': 'Financial Markets', 'relevance_score': '0.858979'}, {'topic': 'Manufacturing', 'relevance_score': '0.5'}]",0.172318,Somewhat-Bullish,"[{'ticker': 'RDDT', 'relevance_score': '0.89787', 'ticker_sentiment_score': '0.280714', 'ticker_sentiment_label': 'Somewhat-Bullish'}, {'ticker': 'GOOG', 'relevance_score': '0.076602', 'ticker_sentiment_score': '0.0835', 'ticker_sentiment_label': 'Neutral'}, {'ticker': 'TSLA', 'relevance_score': '0.076602', 'ticker_sentiment_score': '0.141373', 'ticker_sentiment_label': 'Neutral'}]",2025-06-29 17:04:15.181832
"ELV CLASS DEADLINE: Elevance Health, Inc. Shareholders that Suffered Losses are Reminded to Contact BFA Law by Upcoming July 11 Court Deadline",https://markets.businessinsider.com/news/stocks/elv-class-deadline-elevance-health-inc.-shareholders-that-suffered-losses-are-reminded-to-contact-bfa-law-by-upcoming-july-11-court-deadline-1034858826,20250629T121800,['NEWSFILE'],"New York, New York-- ( Newsfile Corp. - June 29, 2025 ) - Leading securities law firm Bleichmar Fonti & Auld LLP announces that a lawsuit has been filed against Elevance Health, Inc. ( NYSE: ELV ) and certain of the Company's senior executives for potential violations of the federal securities ...",https://api.newsfilecorp.com/newsinfo/257150/208,Business Insider,RSS,markets.businessinsider.com,"[{'topic': 'Earnings', 'relevance_score': '0.614606'}, {'topic': 'Financial Markets', 'relevance_score': '0.905476'}, {'topic': 'Manufacturing', 'relevance_score': '1.0'}]",0.141036,Neutral,"[{'ticker': 'ELV', 'relevance_score': '0.350564', 'ticker_sentiment_score': '0.030524', 'ticker_sentiment_label': 'Neutral'}, {'ticker': 'TSLA', 'relevance_score': '0.072435', 'ticker_sentiment_score': '0.140516', 'ticker_sentiment_label': 'Neutral'}]",2025-06-29 17:04:15.181832
"CIVI CLASS DEADLINE: Civitas Resources, Inc. Shareholders that Suffered Losses are Reminded to Contact BFA Law by Upcoming July 1 Court Deadline",https://markets.businessinsider.com/news/stocks/civi-class-deadline-civitas-resources-inc.-shareholders-that-suffered-losses-are-reminded-to-contact-bfa-law-by-upcoming-july-1-court-deadline-1034858828,20250629T121800,['NEWSFILE'],"New York, New York-- ( Newsfile Corp. - June 29, 2025 ) - Leading securities law firm Bleichmar Fonti & Auld LLP announces that a lawsuit has been filed against Civitas Resources, Inc. ( NYSE: CIVI ) and certain of the Company's senior executives for potential violations of the federal ...",https://api.newsfilecorp.com/newsinfo/257145/208,Business Insider,RSS,markets.businessinsider.com,"[{'topic': 'Financial Markets', 'relevance_score': '0.650727'}, {'topic': 'Manufacturing', 'relevance_score': '1.0'}]",0.124673,Neutral,"[{'ticker': 'TSLA', 'relevance_score': '0.075874', 'ticker_sentiment_score': '0.141211', 'ticker_sentiment_label': 'Neutral'}]",2025-06-29 17:04:15.181832
FTRE CLASS DEADLINE: Fortrea Holdings Inc. Shareholders that Suffered Losses are Reminded to Contact BFA Law by Upcoming August 1 Court Deadline,https://markets.businessinsider.com/news/stocks/ftre-class-deadline-fortrea-holdings-inc.-shareholders-that-suffered-losses-are-reminded-to-contact-bfa-law-by-upcoming-august-1-court-deadline-1034858825,20250629T121800,['NEWSFILE'],"New York, New York-- ( Newsfile Corp. - June 29, 2025 ) - Leading securities law firm Bleichmar Fonti & Auld LLP announces that a lawsuit has been filed against Fortrea Holdings Inc. ( NASDAQ: FTRE ) and certain of the Company's senior executives for potential violations of the federal ...",https://api.newsfilecorp.com/newsinfo/257152/208,Business Insider,RSS,markets.businessinsider.com,"[{'topic': 'Life Sciences', 'relevance_score': '0.5'}, {'topic': 'Financial Markets', 'relevance_score': '0.918141'}, {'topic': 'Manufacturing', 'relevance_score': '0.5'}, {'topic': 'Mergers & Acquisitions', 'relevance_score': '0.158519'}, {'topic': 'Earnings', 'relevance_score': '0.108179'}]",0.169924,Somewhat-Bullish,"[{'ticker': 'FTRE', 'relevance_score': '0.877135', 'ticker_sentiment_score': '0.274698', 'ticker_sentiment_label': 'Somewhat-Bullish'}, {'ticker': 'TSLA', 'relevance_score': '0.068306', 'ticker_sentiment_score': '0.139849', 'ticker_sentiment_label': 'Neutral'}]",2025-06-29 17:04:15.181832
CODI CLASS DEADLINE: Compass Diversified Holdings Shareholders that Suffered Losses are Reminded to Contact BFA Law by Upcoming July 8 Court Deadline,https://markets.businessinsider.com/news/stocks/codi-class-deadline-compass-diversified-holdings-shareholders-that-suffered-losses-are-reminded-to-contact-bfa-law-by-upcoming-july-8-court-deadline-1034858827,20250629T121800,['NEWSFILE'],"New York, New York-- ( Newsfile Corp. - June 29, 2025 ) - Leading securities law firm Bleichmar Fonti & Auld LLP announces that a lawsuit has been filed against Compass Diversified Holdings and Compass Group Diversified Holdings, LLC ( NYSE: CODI ) and certain of the Company's senior executives ...",https://api.newsfilecorp.com/newsinfo/257147/208,Business Insider,RSS,markets.businessinsider.com,"[{'topic': 'Financial Markets', 'relevance_score': '0.650727'}, {'topic': 'Manufacturing', 'relevance_score': '1.0'}]",0.10305,Neutral,"[{'ticker': 'CMPGF', 'relevance_score': '0.15347', 'ticker_sentiment_score': '0.114791', 'ticker_sentiment_label': 'Neutral'}, {'ticker': 'CODI', 'relevance_score': '0.301315', 'ticker_sentiment_score': '0.048775', 'ticker_sentiment_label': 'Neutral'}, {'ticker': 'TSLA', 'relevance_score': '0.077094', 'ticker_sentiment_score': '0.141487', 'ticker_sentiment_label': 'Neutral'}]",2025-06-29 17:04:15.181832
"HIMS CLASS DEADLINE: Hims & Hers Health, Inc.  ( HIMS )  Shareholders that Suffered Losses are Reminded to Contact BFA Law by Upcoming August 25 Court Deadline",https://markets.businessinsider.com/news/stocks/hims-class-deadline-hims-hers-health-inc.-hims-shareholders-that-suffered-losses-are-reminded-to-contact-bfa-law-by-upcoming-august-25-court-deadline-1034858824,20250629T121800,['NEWSFILE'],"HIMS CLASS DEADLINE: Hims & Hers Health, Inc. (HIMS) Shareholders that Suffered Losses are Reminded to Contact BFA Law by Upcoming August 25 Court Deadline ...",https://api.newsfilecorp.com/newsinfo/257154/208,Business Insider,RSS,markets.businessinsider.com,"[{'topic': 'Life Sciences', 'relevance_score': '0.5'}, {'topic': 'Financial Markets', 'relevance_score': '0.650727'}, {'topic': 'Manufacturing', 'relevance_score': '0.5'}]",0.096385,Neutral,"[{'ticker': 'HIMS', 'relevance_score': '0.423843', 'ticker_sentiment_score': '0.128571', 'ticker_sentiment_label': 'Neutral'}, {'ticker': 'NVO', 'relevance_score': '0.220141', 'ticker_sentiment_score': '0.029941', 'ticker_sentiment_label': 'Neutral'}, {'ticker': 'TSLA', 'relevance_score': '0.07423', 'ticker_sentiment_score': '0.140863', 'ticker_sentiment_label': 'Neutral'}]",2025-06-29 17:04:15.181832
IOVA CLASS DEADLINE: Iovance Biotherapeutics Shareholders that Suffered Losses are Reminded to Contact BFA Law by Upcoming July 14 Court Deadline,https://markets.businessinsider.com/news/stocks/iova-class-deadline-iovance-biotherapeutics-shareholders-that-suffered-losses-are-reminded-to-contact-bfa-law-by-upcoming-july-14-court-deadline-1034858823,20250629T121800,['NEWSFILE'],"New York, New York-- ( Newsfile Corp. - June 29, 2025 ) - Leading securities law firm Bleichmar Fonti & Auld LLP announces that a lawsuit has been filed against Iovance Biotherapeutics, Inc. ( NASDAQ: IOVA ) and certain of the Company's senior executives for potential violations of the federal ...",https://api.newsfilecorp.com/newsinfo/257156/208,Business Insider,RSS,markets.businessinsider.com,"[{'topic': 'Life Sciences', 'relevance_score': '0.5'}, {'topic': 'Financial Markets', 'relevance_score': '0.650727'}, {'topic': 'Manufacturing', 'relevance_score': '0.5'}]",0.083141,Neutral,"[{'ticker': 'IOVA', 'relevance_score': '0.377142', 'ticker_sentiment_score': '0.072443', 'ticker_sentiment_label': 'Neutral'}, {'ticker': 'TSLA', 'relevance_score': '0.078354', 'ticker_sentiment_score': '0.141787', 'ticker_sentiment_label': 'Neutral'}]",2025-06-29 17:04:15.181832
OGN CLASS DEADLINE: Organon & Co. Shareholders that Suffered Losses are Reminded to Contact BFA Law by Upcoming July 22 Court Deadline,https://markets.businessinsider.com/news/stocks/ogn-class-deadline-organon-co.-shareholders-that-suffered-losses-are-reminded-to-contact-bfa-law-by-upcoming-july-22-court-deadline-1034858822,20250629T121800,['NEWSFILE'],"New York, New York-- ( Newsfile Corp. - June 29, 2025 ) - Leading securities law firm Bleichmar Fonti & Auld LLP announces that a lawsuit has been filed against Organon & Co. ( NYSE: OGN ) and certain of the Company's senior executives for potential violations of the federal securities laws.",https://api.newsfilecorp.com/newsinfo/257157/208,Business Insider,RSS,markets.businessinsider.com,"[{'topic': 'Life Sciences', 'relevance_score': '0.5'}, {'topic': 'Financial Markets', 'relevance_score': '0.650727'}, {'topic': 'Manufacturing', 'relevance_score': '0.5'}]",0.18262,Somewhat-Bullish,"[{'ticker': 'OGN', 'relevance_score': '0.7887', 'ticker_sentiment_score': '0.356791', 'ticker_sentiment_label': 'Bullish'}, {'ticker': 'TSLA', 'relevance_score': '0.076602', 'ticker_sentiment_score': '0.141373', 'ticker_sentiment_label': 'Neutral'}]",2025-06-29 17:04:15.181832
AAPL CLASS DEADLINE: Apple Inc. Shareholders that Suffered Losses are Reminded to Contact BFA Law by Upcoming August 19 Court Deadline,https://markets.businessinsider.com/news/stocks/aapl-class-deadline-apple-inc.-shareholders-that-suffered-losses-are-reminded-to-contact-bfa-law-by-upcoming-august-19-court-deadline-1034858829,20250629T121800,['NEWSFILE'],"New York, New York-- ( Newsfile Corp. - June 29, 2025 ) - Leading securities law firm Bleichmar Fonti & Auld LLP announces that a lawsuit has been filed against Apple Inc. ( NASDAQ: AAPL ) and certain of the Company's senior executives for potential violations of the federal securities laws.",https://api.newsfilecorp.com/newsinfo/257144/208,Business Insider,RSS,markets.businessinsider.com,"[{'topic': 'Technology', 'relevance_score': '0.5'}, {'topic': 'Financial Markets', 'relevance_score': '0.918141'}, {'topic': 'Manufacturing', 'relevance_score': '0.5'}]",0.115468,Neutral,"[{'ticker': 'WBD', 'relevance_score': '0.072876', 'ticker_sentiment_score': '-0.038627', 'ticker_sentiment_label': 'Neutral'}, {'ticker': 'AAPL', 'relevance_score': '0.900307', 'ticker_sentiment_score': '0.155771', 'ticker_sentiment_label': 'Somewhat-Bullish'}, {'ticker': 'TSLA', 'relevance_score': '0.072876', 'ticker_sentiment_score': '0.140598', 'ticker_sentiment_label': 'Neutral'}]",2025-06-29 17:04:15.181832
Is Schwab US Dividend Equity ETF the Smartest Investment You Can Make Today?,https://www.fool.com/investing/2025/06/29/is-schwab-us-dividend-equity-etf-the-smartest/,20250629T121500,['Reuben Gregg Brewer'],"For most investors, simple is good. The Schwab US Dividend Equity ETF ( NYSEMKT: SCHD ) is a simple way to invest in reliable, high-quality dividend stocks. After all, if you have a life to live, you probably don't want to spend all your free time poring over stocks.A roughly 4% yield and a ...",https://media.ycharts.com/charts/6a64fed77af50d2eea7d56d7065e8f1c.png,Motley Fool,n/a,www.fool.com,"[{'topic': 'Financial Markets', 'relevance_score': '1.0'}]",0.369545,Bullish,[],2025-06-29 17:04:15.181832
"ELV DEADLINE NOTICE: ROSEN, TOP RANKED GLOBAL COUNSEL, Encourages Elevance Health, Inc. Investors with Losses in Excess of $100K to Secure Counsel Before Important July 11 Deadline in Securities...",https://markets.businessinsider.com/news/stocks/elv-deadline-notice-rosen-top-ranked-global-counsel-encourages-elevance-health-inc.-investors-with-losses-in-excess-of-100k-to-secure-counsel-before-important-july-11-deadline-in-securities-class-action-elv-1034858830,20250629T121200,['NEWSFILE'],"New York, New York-- ( Newsfile Corp. - June 29, 2025 ) - WHY: Rosen Law Firm, a global investor rights law firm, reminds purchasers of common stock of Elevance Health, Inc. ( NYSE: ELV ) between April 18, 2024 and October 16, 2024, both dates inclusive ( the ""Class Period"" ) , of the important ...",https://api.newsfilecorp.com/newsinfo/257111/208,Business Insider,RSS,markets.businessinsider.com,"[{'topic': 'Technology', 'relevance_score': '1.0'}, {'topic': 'Financial Markets', 'relevance_score': '0.818451'}]",0.133055,Neutral,"[{'ticker': 'META', 'relevance_score': '0.062926', 'ticker_sentiment_score': '0.0', 'ticker_sentiment_label': 'Neutral'}, {'ticker': 'ELV', 'relevance_score': '0.12546', 'ticker_sentiment_score': '0.082993', 'ticker_sentiment_label': 'Neutral'}]",2025-06-29 17:04:15.181832
The 'family warehouses' powering Shein and Temu's rapid UK expansion,https://www.scmp.com/economy/china-economy/article/3316120/chinese-migrants-turning-their-uk-homes-temu-and-shein-warehouses,20250629T120008,['Mia Nulimaimaiti'],"In Kevin Zhang's quiet, two-storey house in Gloucester, hundreds of parcels blanket the living room floor. Each package - shipped from China - is bound for British customers who placed orders on Temu, TikTok Shop and AliExpress.",https://cdn.i-scmp.com/sites/default/files/styles/1020x680/public/d8/images/canvas/2025/06/27/3d1d1794-f6e0-40f9-8d89-479944bc00fc_f0185988.jpg?itok=5uA3Jg1V&v=1751017131,South China Morning Post,Economy,www.scmp.com,[],0.117373,Neutral,"[{'ticker': 'FOREX:GBP', 'relevance_score': '0.066139', 'ticker_sentiment_score': '0.158781', 'ticker_sentiment_label': 'Somewhat-Bullish'}]",2025-06-29 17:04:15.181832
"2 Top Stocks Down 40% to Buy With $1,000",https://www.fool.com/investing/2025/06/29/2-top-stocks-down-40-to-buy-with-1000/,20250629T120000,['John Ballard'],Buying shares of competitively positioned companies that are experiencing robust growth for their products can put you on the road to financial freedom. Sometimes the market gives you the opportunity to buy quality stocks at big discounts that can set you up for outstanding results.If you have ...,https://g.foolcdn.com/image/?url=https%3A%2F%2Fg.foolcdn.com%2Feditorial%2Fimages%2F822879%2Fgrowth-stock-profit-opportunity.jpg&op=resize&w=700,Motley Fool,n/a,www.fool.com,"[{'topic': 'Financial Markets', 'relevance_score': '0.413559'}, {'topic': 'Manufacturing', 'relevance_score': '0.5'}, {'topic': 'Earnings', 'relevance_score': '0.99737'}, {'topic': 'Technology', 'relevance_score': '0.5'}]",0.330648,Somewhat-Bullish,"[{'ticker': 'GOOG', 'relevance_score': '0.059935', 'ticker_sentiment_score': '0.098334', 'ticker_sentiment_label': 'Neutral'}, {'ticker': 'NVDA', 'relevance_score': '0.119532', 'ticker_sentiment_score': '0.082116', 'ticker_sentiment_label': 'Neutral'}, {'ticker': 'RDDT', 'relevance_score': '0.452495', 'ticker_sentiment_score': '0.464803', 'ticker_sentiment_label': 'Bullish'}, {'ticker': 'MRVL', 'relevance_score': '0.119532', 'ticker_sentiment_score': '0.181459', 'ticker_sentiment_label': 'Somewhat-Bullish'}]",2025-06-29 17:04:15.181832
Earn Millions of Cryptocurrency with Ease and Stability - BTC Miner Helps You Overcome XRP Market Volatility,https://www.benzinga.com/pressreleases/25/06/g46159169/earn-millions-of-cryptocurrency-with-ease-and-stability-btc-miner-helps-you-overcome-xrp-market-vo,20250629T120000,['Globe Newswire'],"New York City, June 29, 2025 ( GLOBE NEWSWIRE ) -- Earn Millions of Cryptocurrency with Ease and Stability - BTC Miner Helps You Overcome XRP Market Volatility With XRP ( Ripple ) facing significant volatility due to ongoing geopolitical tensions and legal uncertainties, many investors are ...",https://www.benzinga.com/next-assets/images/schema-image-default.png,Benzinga,News,www.benzinga.com,"[{'topic': 'Earnings', 'relevance_score': '0.310843'}, {'topic': 'Blockchain', 'relevance_score': '0.769861'}, {'topic': 'Financial Markets', 'relevance_score': '0.316726'}]",0.487009,Bullish,"[{'ticker': 'CRYPTO:BTC', 'relevance_score': '0.592095', 'ticker_sentiment_score': '0.609795', 'ticker_sentiment_label': 'Bullish'}, {'ticker': 'CRYPTO:XRP', 'relevance_score': '0.243701', 'ticker_sentiment_score': '0.284465', 'ticker_sentiment_label': 'Somewhat-Bullish'}]",2025-06-29 17:04:15.181832
Cloud mining giant FansHash launches globally: new opportunities for digital wealth.,https://markets.businessinsider.com/news/stocks/cloud-mining-giant-fanshash-launches-globally-new-opportunities-for-digital-wealth-1034858810,20250629T114800,['markets.businessinsider.com'],"FansHash, a leading company in the cloud mining industry, officially announced the first release of its global cloud computing platform, bringing unprecedented digital wealth opportunities to users around the world.",https://ml.globenewswire.com/Resource/Download/3232b78c-c679-45c4-9330-cac838f30d17/fanshash1.jpg,Business Insider,RSS,markets.businessinsider.com,"[{'topic': 'Blockchain', 'relevance_score': '0.576289'}, {'topic': 'Financial Markets', 'relevance_score': '0.108179'}]",0.533623,Bullish,"[{'ticker': 'CRYPTO:BTC', 'relevance_score': '0.07446', 'ticker_sentiment_score': '0.294698', 'ticker_sentiment_label': 'Somewhat-Bullish'}, {'ticker': 'CRYPTO:ETH', 'relevance_score': '0.07446', 'ticker_sentiment_score': '0.294698', 'ticker_sentiment_label': 'Somewhat-Bullish'}]",2025-06-29 17:04:15.181832
"SHAREHOLDER NOTICE: Faruqi & Faruqi, LLP Investigates Claims on Behalf of Investors of 3D Systems",https://markets.businessinsider.com/news/stocks/shareholder-notice-faruqi-faruqi-llp-investigates-claims-on-behalf-of-investors-of-3d-systems-1034858807,20250629T114500,['NEWSFILE'],"Faruqi & Faruqi, LLP Securities Litigation Partner James ( Josh ) Wilson Encourages Investors Who Suffered Losses Exceeding $50,000 In 3D Systems To Contact Him Directly To Discuss Their Options",https://api.newsfilecorp.com/newsinfo/257173/208,Business Insider,RSS,markets.businessinsider.com,"[{'topic': 'Earnings', 'relevance_score': '0.967645'}, {'topic': 'Technology', 'relevance_score': '1.0'}, {'topic': 'Financial Markets', 'relevance_score': '0.538269'}]",0.038925,Neutral,"[{'ticker': 'DDD', 'relevance_score': '0.610572', 'ticker_sentiment_score': '-0.143551', 'ticker_sentiment_label': 'Neutral'}, {'ticker': 'META', 'relevance_score': '0.049019', 'ticker_sentiment_score': '0.0', 'ticker_sentiment_label': 'Neutral'}]",2025-06-29 17:04:15.181832
"SHAREHOLDER NOTICE: Faruqi & Faruqi, LLP Investigates Claims on Behalf of Investors of Sarepta Therapeutics",https://markets.businessinsider.com/news/stocks/shareholder-notice-faruqi-faruqi-llp-investigates-claims-on-behalf-of-investors-of-sarepta-therapeutics-1034858808,20250629T114300,['NEWSFILE'],"Faruqi & Faruqi, LLP Securities Litigation Partner James ( Josh ) Wilson Encourages Investors Who Suffered Losses Exceeding $100,000 In Sarepta To Contact Him Directly To Discuss Their Options",https://api.newsfilecorp.com/newsinfo/257188/208,Business Insider,RSS,markets.businessinsider.com,"[{'topic': 'Life Sciences', 'relevance_score': '0.5'}, {'topic': 'Technology', 'relevance_score': '0.5'}, {'topic': 'Financial Markets', 'relevance_score': '0.796627'}]",0.109522,Neutral,"[{'ticker': 'META', 'relevance_score': '0.053629', 'ticker_sentiment_score': '0.0', 'ticker_sentiment_label': 'Neutral'}, {'ticker': 'SRPT', 'relevance_score': '0.107016', 'ticker_sentiment_score': '0.141267', 'ticker_sentiment_label': 'Neutral'}]",2025-06-29 17:04:15.181832
"SHAREHOLDER NOTICE: Faruqi & Faruqi, LLP Investigates Claims on Behalf of Investors of Hims & Hers Health",https://markets.businessinsider.com/news/stocks/shareholder-notice-faruqi-faruqi-llp-investigates-claims-on-behalf-of-investors-of-hims-hers-health-1034858809,20250629T114100,['NEWSFILE'],"Faruqi & Faruqi, LLP Securities Litigation Partner James ( Josh ) Wilson Encourages Investors Who Suffered Losses Exceeding $50,000 In Hims To Contact Him Directly To Discuss Their Options",https://api.newsfilecorp.com/newsinfo/257179/208,Business Insider,RSS,markets.businessinsider.com,"[{'topic': 'Life Sciences', 'relevance_score': '0.5'}, {'topic': 'Technology', 'relevance_score': '0.5'}, {'topic': 'Financial Markets', 'relevance_score': '0.360215'}]",0.129136,Neutral,"[{'ticker': 'META', 'relevance_score': '0.071145', 'ticker_sentiment_score': '0.0', 'ticker_sentiment_label': 'Neutral'}, {'ticker': 'HIMS', 'relevance_score': '0.141726', 'ticker_sentiment_score': '0.159912', 'ticker_sentiment_label': 'Somewhat-Bullish'}, {'ticker': 'NVO', 'relevance_score': '0.211191', 'ticker_sentiment_score': '-0.119998', 'ticker_sentiment_label': 'Neutral'}]",2025-06-29 17:04:15.181832
"SHAREHOLDER NOTICE: Faruqi & Faruqi, LLP Investigates Claims on Behalf of Investors of Open Lending",https://markets.businessinsider.com/news/stocks/shareholder-notice-faruqi-faruqi-llp-investigates-claims-on-behalf-of-investors-of-open-lending-1034840148,20250629T113900,['NEWSFILE'],"Faruqi & Faruqi, LLP Securities Litigation Partner James ( Josh ) Wilson Encourages Investors Who Suffered Losses Exceeding $75,000 In Open Lending To Contact Him Directly To Discuss Their Options",https://api.newsfilecorp.com/newsinfo/257182/208,Business Insider,RSS,markets.businessinsider.com,"[{'topic': 'Financial Markets', 'relevance_score': '0.684621'}, {'topic': 'Earnings', 'relevance_score': '0.495866'}, {'topic': 'Technology', 'relevance_score': '0.5'}, {'topic': 'Finance', 'relevance_score': '0.5'}]",0.177303,Somewhat-Bullish,"[{'ticker': 'META', 'relevance_score': '0.062761', 'ticker_sentiment_score': '0.0', 'ticker_sentiment_label': 'Neutral'}, {'ticker': 'LPRO', 'relevance_score': '0.41849', 'ticker_sentiment_score': '0.200788', 'ticker_sentiment_label': 'Somewhat-Bullish'}]",2025-06-29 17:04:15.181832
"SHAREHOLDER NOTICE: Faruqi & Faruqi, LLP Investigates Claims on Behalf of Investors of Compass Diversified",https://markets.businessinsider.com/news/stocks/shareholder-notice-faruqi-faruqi-llp-investigates-claims-on-behalf-of-investors-of-compass-diversified-1034840257,20250629T113600,['NEWSFILE'],"Faruqi & Faruqi, LLP Securities Litigation Partner James ( Josh ) Wilson Encourages Investors Who Suffered Losses Exceeding $100,000 In Compass To Contact Him Directly To Discuss Their Options",https://api.newsfilecorp.com/newsinfo/257175/208,Business Insider,RSS,markets.businessinsider.com,"[{'topic': 'Technology', 'relevance_score': '0.5'}, {'topic': 'Financial Markets', 'relevance_score': '0.684621'}, {'topic': 'Manufacturing', 'relevance_score': '0.5'}]",0.063006,Neutral,"[{'ticker': 'META', 'relevance_score': '0.06623', 'ticker_sentiment_score': '0.0', 'ticker_sentiment_label': 'Neutral'}, {'ticker': 'CODI', 'relevance_score': '0.26042', 'ticker_sentiment_score': '0.013695', 'ticker_sentiment_label': 'Neutral'}]",2025-06-29 17:04:15.181832
Should You Buy ChargePoint While It's Below $2?,https://www.fool.com/investing/2025/06/29/should-you-buy-chargepoint-while-its-below-2/,20250629T113000,['Chris Neiger'],"The electric vehicle ( EV ) industry is still in its early stages in the U.S., and its near-term outlook isn't exactly rosy. While automakers still say they're committed to EVs, many have scaled back production goals or paused some investments.Meanwhile, consumers have turned their attention to ...",https://g.foolcdn.com/image/?url=https%3A%2F%2Fg.foolcdn.com%2Feditorial%2Fimages%2F822868%2Fman-charging-electric-vehicle-ev-1200x800-5b2df79.jpg&op=resize&w=700,Motley Fool,n/a,www.fool.com,"[{'topic': 'Earnings', 'relevance_score': '0.108179'}, {'topic': 'Financial Markets', 'relevance_score': '0.266143'}, {'topic': 'Manufacturing', 'relevance_score': '1.0'}]",-0.082198,Neutral,"[{'ticker': 'CHPT', 'relevance_score': '0.515891', 'ticker_sentiment_score': '-0.111938', 'ticker_sentiment_label': 'Neutral'}]",2025-06-29 17:04:15.181832
Top Wall Street analysts like these 3 dividend stocks for enhanced returns,https://www.cnbc.com/2025/06/29/top-wall-street-analysts-like-these-3-dividend-stocks-for-enhanced-returns.html,20250629T111752,[],"TipRanks' analyst ranking service discusses three dividend-paying stocks, including McDonald's and Halliburton, favored by Wall Street's top pros.",,CNBC,Investing,www.cnbc.com,"[{'topic': 'Retail & Wholesale', 'relevance_score': '0.25'}, {'topic': 'Financial Markets', 'relevance_score': '0.803643'}, {'topic': 'Earnings', 'relevance_score': '0.360215'}, {'topic': 'Real Estate & Construction', 'relevance_score': '0.25'}, {'topic': 'Energy & Transportation', 'relevance_score': '0.25'}, {'topic': 'Finance', 'relevance_score': '0.25'}]",0.37388,Bullish,"[{'ticker': 'YUM', 'relevance_score': '0.037563', 'ticker_sentiment_score': '0.215632', 'ticker_sentiment_label': 'Somewhat-Bullish'}, {'ticker': 'HAL', 'relevance_score': '0.362329', 'ticker_sentiment_score': '0.380085', 'ticker_sentiment_label': 'Bullish'}, {'ticker': 'GS', 'relevance_score': '0.037563', 'ticker_sentiment_score': '0.045831', 'ticker_sentiment_label': 'Neutral'}, {'ticker': 'MDNDF', 'relevance_score': '0.222497', 'ticker_sentiment_score': '0.222659', 'ticker_sentiment_label': 'Somewhat-Bullish'}, {'ticker': 'EPR', 'relevance_score': '0.328333', 'ticker_sentiment_score': '0.451407', 'ticker_sentiment_label': 'Bullish'}]",2025-06-29 17:04:15.181832
1 Thing Every Rivian Investor Needs to Watch Right Now,https://www.fool.com/investing/2025/06/29/rivian-investor-rivn-stock-ev-buy-trump/,20250629T111500,['Ryan Vanzo'],"Rivian Automotive ( NASDAQ: RIVN ) has a bright future. Next year, analysts expect the electric vehicle ( EV ) maker's sales to grow by more than 40%. The biggest catalyst for this growth will be its introduction of three new models, all of which are expected to be priced under $50,000.",https://g.foolcdn.com/image/?url=https%3A%2F%2Fg.foolcdn.com%2Feditorial%2Fimages%2F822775%2Fgettyimages-1458234759-1201x699-d2c0516.jpg&op=resize&w=700,Motley Fool,n/a,www.fool.com,"[{'topic': 'Manufacturing', 'relevance_score': '1.0'}]",0.191531,Somewhat-Bullish,"[{'ticker': 'RIVN', 'relevance_score': '0.222838', 'ticker_sentiment_score': '0.108484', 'ticker_sentiment_label': 'Neutral'}]",2025-06-29 17:04:15.181832
